Case,AVR-pf,CIll-mp,CIll-pf,CillSuccRate,CIll
nerv/causal,Timeout,Timeout,Timeout,9/10,510
nerv/pc_bwd,Timeout,Timeout,Timeout,9/10,566
nerv/reg,Timeout,Timeout,Timeout,8/10,956
picorv32/reg,Timeout,Timeout,Timeout
picorv32/pc_bwd,Timeout,Timeout,Timeout,9/10
picorv32/insn_sb,Timeout,Timeout,Timeout
picorv32/insn_remu,Timeout,Timeout,Timeout
picorv32/insn_mulhu,Timeout,Timeout,Timeout
picorv32/insn_mulhsu,Timeout,Timeout,Timeout
picorv32/insn_lb,Timeout,Timeout,Timeout
picorv32/insn_c_sub,Timeout,Timeout,Timeout
picorv32/insn_blt,Timeout,Timeout,Timeout
picorv32/insn_bgeu,Timeout,Timeout,Timeout
picorv32/insn_beq,Timeout,Timeout,Timeout
picorv32/insn_auipc,Timeout,Timeout,Timeout
nerv/csrc_upcnt_minstret,Timeout,Timeout,Timeout,
nerv/csrc_upcnt_mcycle,Timeout,Timeout,Timeout,
serv/reg,Timeout,Timeout,Timeout,0/1
serv/pc_bwd,Timeout,Timeout,Timeout
serv/insn_sub,Timeout,Timeout,Timeout
serv/insn_srli,Timeout,Timeout,Timeout
serv/insn_srl,Timeout,Timeout,Timeout
serv/insn_srai,Timeout,Timeout,Timeout
serv/insn_sra,Timeout,Timeout,Timeout
serv/insn_sltiu,Timeout,Timeout,Timeout
serv/insn_slt,Timeout,Timeout,Timeout
serv/insn_sll,Timeout,Timeout,Timeout
serv/insn_jalr,Timeout,Timeout,Timeout
serv/insn_jal,Timeout,Timeout,Timeout
serv/insn_auipc,Timeout,Timeout,Timeout
serv/insn_addi,Timeout,Timeout,Timeout
serv/insn_add,Timeout,Timeout,Timeout
serv/causal,Timeout,Timeout,Timeout
picorv32/insn_sw,Timeout,Timeout,Timeout
picorv32/insn_sub,Timeout,Timeout,Timeout
picorv32/insn_sltu,Timeout,Timeout,Timeout
picorv32/insn_slti,Timeout,Timeout,Timeout
picorv32/insn_slt,Timeout,Timeout,Timeout
picorv32/insn_sh,Timeout,Timeout,Timeout
picorv32/insn_rem,Timeout,Timeout,Timeout
picorv32/insn_mulh,Timeout,Timeout,Timeout
picorv32/insn_mul,Timeout,Timeout,Timeout
picorv32/insn_lw,Timeout,Timeout,Timeout
picorv32/insn_lhu,Timeout,Timeout,Timeout
picorv32/insn_lh,Timeout,Timeout,Timeout
picorv32/insn_lbu,Timeout,Timeout,Timeout
picorv32/insn_jalr,Timeout,Timeout,Timeout
picorv32/insn_jal,Timeout,Timeout,Timeout
picorv32/insn_divu,Timeout,Timeout,Timeout
picorv32/insn_div,Timeout,Timeout,Timeout
picorv32/insn_c_jal,Timeout,Timeout,Timeout
picorv32/insn_c_j,Timeout,Timeout,Timeout
picorv32/insn_c_addi4spn,Timeout,Timeout,Timeout
picorv32/insn_c_add,Timeout,Timeout,Timeout
picorv32/insn_bne,Timeout,Timeout,Timeout
picorv32/insn_bltu,Timeout,Timeout,Timeout
picorv32/insn_bge,Timeout,Timeout,Timeout
picorv32/insn_addi,Timeout,Timeout,Timeout
picorv32/insn_add,Timeout,Timeout,Timeout
serv/insn_sw,Timeout,Timeout,Timeout
serv/insn_sltu,Timeout,Timeout,Timeout
serv/insn_slti,Timeout,Timeout,Timeout
serv/insn_sh,Timeout,Timeout,Timeout
serv/insn_sb,Timeout,Timeout,Timeout
serv/insn_lw,Timeout,Timeout,Timeout
serv/insn_lhu,Timeout,Timeout,Timeout
serv/insn_lh,Timeout,Timeout,Timeout
serv/insn_lbu,Timeout,Timeout,Timeout
serv/insn_lb,Timeout,Timeout,Timeout
serv/insn_bne,Timeout,Timeout,Timeout
serv/insn_bgeu,Timeout,Timeout,Timeout
serv/insn_bge,Timeout,Timeout,Timeout
serv/insn_beq,Timeout,Timeout,Timeout
